"","Age","InitialBalance","InitialMix","EUtil"
"1",50,700,2,7.43892386063326
"2",51,600,1,6.97758302549628
"3",52,600,1,6.7865621947119
"4",53,250,1,4.25875138138305
"5",56,1000,2,7.29455795027038
"6",56,800,2,6.69828333047713
"7",56,500,1,5.18958183586865
"8",58,1500,4,7.84970856673666
"9",61,1000,1,6.12904868653146
"10",64,1600,7,7.38952207040148
